{
  "project_info": {
    "project_number": "261573191711",
    "project_id": "tictactoefb-cec5c",
    "storage_bucket": "tictactoefb-cec5c.appspot.com"
  },
  "client": [
    {
      "client_info": {
        "mobilesdk_app_id": "1:261573191711:android:4586fc77fbb8e8edd5cd2a",
        "android_client_info": {
          "package_name": "com.example.tictactoefb"
        }
      },
      "oauth_client": [],
      "api_key": [
        {
          "current_key": "AIzaSyCA2Ar6kfAmY9cdnfel5j8zJPl3fbQ-oWM"
        }
      ],
      "services": {
        "appinvite_service": {
          "other_platform_oauth_client": []
        }
      }
    }
  ],
  "configuration_version": "1"
}